label,websocket,wasm,hash_function,webworkers,messageloop_load,postmessage_load,parallel_functions
benign,1,0,0,0,1739,0,0
benign,1,0,0,1,73252,2067,0
benign,1,0,0,2,187827,13280,0
benign,0,0,0,0,0,0,0
benign,0,0,0,0,402382,0,0
benign,0,0,0,0,440127,0,0
benign,0,0,0,0,0,0,0
benign,1,0,0,0,0,0,0
benign,0,0,0,0,0,0,0
benign,1,0,0,0,0,0,0
benign,0,0,0,0,0,0,0
benign,0,0,0,0,0,0,0
benign,0,0,0,0,0,0,0
benign,0,0,0,0,0,0,0
benign,0,0,0,2,288887,13898,0
benign,1,0,0,0,0,0,0
benign,0,0,0,3,4849687,1543,1
benign,0,0,0,0,172022,0,0
benign,0,0,0,0,0,0,0
benign,1,0,0,0,3228651,0,0
benign,0,0,0,0,2734552,0,0
benign,0,0,0,0,0,0,0
benign,0,0,0,0,0,0,0
benign,0,0,0,0,0,0,0
benign,0,0,0,0,0,0,0
benign,0,0,0,0,0,0,0
benign,0,0,0,0,0,0,0
benign,1,0,0,0,0,0,0
benign,0,0,0,1,6498,342,0
benign,0,0,0,0,0,0,0
benign,0,0,0,0,0,0,0
benign,0,0,0,0,0,0,0
benign,0,0,0,0,0,0,0
benign,0,0,0,3,8369073,54322,1
benign,0,0,0,0,0,0,0
benign,0,0,0,2,3110205,2113,0
benign,0,0,0,0,0,0,0
benign,0,0,0,0,7831953,0,0
benign,0,0,0,0,0,0,0
benign,0,0,0,0,0,0,0
benign,0,0,0,0,571544,0,0
benign,0,0,0,2,2096575,4598,0
benign,0,0,0,0,0,0,0
benign,0,0,0,1,6465336,0,0
benign,0,0,0,0,0,0,0
benign,0,0,0,0,0,0,0
benign,0,0,0,0,6067033,0,0
benign,0,0,0,0,0,0,0
benign,0,0,0,3,1157157,39844,0
benign,0,0,0,0,0,0,0
benign,0,0,0,0,3411855,0,0
benign,0,0,0,2,7167122,20533,0
benign,0,0,0,0,0,0,0
benign,0,0,0,0,0,0,0
benign,0,0,0,0,837280,0,0
benign,0,0,0,0,595698,0,0
benign,0,0,0,3,183649,43222,0
benign,0,0,0,0,66450,0,0
benign,0,0,0,0,0,0,0
benign,0,0,0,0,0,0,0
benign,0,0,0,0,0,0,0
benign,0,0,0,0,0,0,0
benign,0,0,0,0,0,0,0
benign,0,0,0,0,0,0,0
benign,1,0,0,0,4740595,0,0
benign,0,0,0,0,1879971,0,0
benign,0,0,0,0,0,0,0
benign,0,0,0,0,0,0,0
benign,1,0,0,0,0,0,0
benign,0,0,0,0,0,0,0
benign,0,0,0,0,0,0,0
benign,0,0,0,0,0,0,0
benign,0,0,0,0,2674068,0,0
benign,0,0,0,0,0,0,0
benign,0,0,0,3,20382923,934245,0
benign,0,0,0,0,1222001,0,0
benign,0,0,0,0,0,0,0
benign,0,0,0,0,0,0,0
benign,0,0,0,0,0,0,0
benign,0,0,0,0,0,0,0
benign,0,0,0,0,0,0,0
benign,0,0,0,0,0,0,0
benign,0,0,0,0,0,0,0
benign,0,0,0,0,0,0,0
benign,0,0,0,0,963979,0,0
benign,0,0,0,2,10972488,142344,0
benign,1,0,0,0,0,0,0
benign,0,0,0,0,2833383,0,0
benign,0,0,0,0,112452,0,0
benign,0,0,0,0,0,0,0
benign,0,0,0,0,0,0,0
benign,0,0,0,0,0,0,0
benign,0,0,0,0,0,0,0
benign,1,0,0,0,0,0,0
benign,0,0,0,0,0,0,0
benign,0,0,0,0,258104,0,0
benign,0,0,0,0,0,0,0
benign,0,0,0,0,0,0,0
benign,0,0,0,0,3098817,0,0
benign,0,0,0,0,0,0,0
benign,0,0,0,0,0,0,0
benign,0,0,0,0,0,0,0
benign,0,0,0,0,0,0,0
benign,0,0,0,0,5661114,0,0
benign,0,0,0,0,0,0,0
benign,0,0,0,0,0,0,0
benign,0,0,0,0,5641959,0,0
benign,0,0,0,0,0,0,0
benign,0,0,0,0,1748153,0,0
benign,0,0,0,0,0,0,0
benign,1,0,0,0,739323,0,0
benign,0,0,0,0,0,0,0
benign,0,0,0,0,0,0,0
benign,0,0,0,0,0,0,0
benign,0,0,0,0,0,0,0
benign,0,0,0,0,0,0,0
benign,1,0,0,0,0,0,0
benign,0,0,0,0,0,0,0
benign,0,0,0,0,0,0,0
benign,0,0,0,0,8114,0,0
benign,0,0,0,0,0,0,0
benign,0,0,0,0,4355901,0,0
benign,0,0,0,0,0,0,0
benign,0,0,0,0,2096852,0,0
benign,0,0,0,0,0,0,0
benign,0,0,0,0,5658174,0,0
benign,0,0,0,0,0,0,0
benign,0,0,0,0,663537,0,0
benign,0,0,0,0,2331406,0,0
benign,0,0,0,0,0,0,0
benign,0,0,0,0,4881555,0,0
benign,0,0,0,0,0,0,0
benign,0,0,0,0,3599012,0,0
benign,0,0,0,1,10222231,0,0
benign,0,0,0,0,5789226,0,0
benign,0,0,0,0,5986237,0,0
benign,0,0,0,0,0,0,0
benign,0,0,0,0,214655,0,0
benign,0,0,0,1,3708589,0,0
benign,0,0,0,0,0,0,0
benign,0,0,0,0,0,0,0
benign,0,0,0,0,0,0,0
benign,0,0,0,0,1657726,0,0
benign,0,0,0,0,0,0,0
benign,0,0,0,0,2595674,0,0
benign,0,0,0,0,0,0,0
benign,0,0,0,0,0,0,0
benign,0,0,0,0,5217159,0,0
benign,0,0,0,0,0,0,0
benign,0,0,0,0,1431099,0,0
benign,0,0,0,0,0,0,0
benign,0,0,0,0,505713,0,0
benign,0,0,0,0,31579,0,0
benign,0,0,0,0,0,0,0
benign,0,0,0,0,6887647,0,0
benign,0,0,0,0,0,0,0
benign,0,0,0,0,0,0,0
benign,1,0,0,0,0,0,0
benign,0,0,0,0,292597,0,0
benign,0,0,0,0,712665,0,0
benign,1,0,0,0,144619,0,0
benign,0,0,0,0,5997,0,0
benign,0,0,0,0,0,0,0
benign,0,0,0,0,0,0,0
benign,0,0,0,0,1186545,0,0
benign,0,0,0,0,0,0,0
benign,0,0,0,0,2772849,0,0
benign,0,0,0,0,0,0,0
benign,0,0,0,0,274842,0,0
benign,0,0,0,0,0,0,0
benign,0,0,0,0,0,0,0
benign,0,0,0,0,0,0,0
benign,1,0,0,0,0,0,0
benign,0,0,0,0,1722716,0,0
benign,0,0,0,0,3786,0,0
benign,0,0,0,0,2355325,0,0
benign,0,0,0,0,4874396,0,0
benign,0,0,0,0,0,0,0
benign,0,0,0,0,0,0,0
benign,0,0,0,0,0,0,0
benign,0,0,0,0,0,0,0
benign,1,0,0,0,4097996,0,0
benign,0,0,0,0,430773,0,0
benign,0,0,0,0,474424,0,0
benign,0,0,0,0,0,0,0
benign,0,0,0,0,2363230,0,0
benign,0,0,0,0,5506585,0,0
benign,0,0,0,0,5631171,0,0
benign,0,0,0,0,0,0,0
benign,0,0,0,0,0,0,0
benign,1,0,0,0,1161075,0,0
benign,0,0,0,0,0,0,0
benign,0,0,0,0,0,0,0
benign,0,0,0,0,0,0,0
benign,0,0,0,0,0,0,0
benign,0,0,0,0,0,0,0
benign,0,0,0,0,5474157,0,0
benign,0,0,0,0,0,0,0
benign,0,0,0,0,0,0,0
benign,0,0,0,0,4742661,0,0
benign,0,0,0,0,0,0,0
benign,0,0,0,0,0,0,0
benign,0,0,0,0,0,0,0
benign,0,0,0,0,0,0,0
benign,0,0,0,0,0,0,1
benign,0,0,0,0,0,0,0
benign,0,0,0,0,0,0,0
benign,0,0,0,0,0,0,0
benign,0,0,0,0,0,0,0
benign,0,0,0,0,0,0,0
benign,0,0,0,0,0,0,0
benign,0,0,0,0,475923,0,0
benign,0,0,0,0,0,0,0
benign,0,0,0,0,158473,0,0
benign,0,0,0,0,0,0,0
benign,0,0,0,0,0,0,0
benign,0,0,0,1,10213275,0,0
benign,0,0,0,0,0,0,0
benign,0,0,0,0,0,0,0
benign,0,0,0,0,0,0,0
benign,0,0,0,0,0,0,0
benign,0,0,0,0,0,0,0
benign,0,0,0,0,5055757,0,0
benign,0,0,0,0,38514,0,0
benign,0,0,0,0,6917,0,0
benign,0,0,0,0,157914,0,0
benign,0,0,0,0,0,0,0
benign,0,0,0,0,1262702,0,0
benign,0,0,0,0,0,0,0
benign,0,0,0,0,0,0,0
benign,0,0,0,0,3887873,0,0
benign,0,0,0,0,0,0,0
benign,0,0,0,0,0,0,0
benign,0,0,0,0,2539217,0,0
benign,0,0,0,0,4532113,0,0
benign,0,0,0,0,5801920,0,0
benign,0,0,0,0,442700,0,0
benign,0,0,0,0,0,0,0
benign,0,0,0,0,1364396,0,0
benign,0,0,0,0,131221,0,0
benign,0,0,0,0,421245,0,0
benign,0,0,0,0,0,0,0
benign,0,0,0,0,2973755,0,0
benign,0,0,0,1,1468010,0,0
benign,0,0,0,0,0,0,0
benign,1,0,0,0,3548822,0,0
benign,0,0,0,0,0,0,0
benign,0,0,0,0,0,0,0
benign,0,0,0,0,0,0,0
benign,0,0,0,0,0,0,0
benign,0,0,0,0,0,0,0
benign,0,0,0,0,0,0,0
benign,0,0,0,0,5082977,0,0
benign,0,0,0,0,2988593,0,0
benign,0,0,0,0,1417142,0,0
benign,0,0,0,0,0,0,0
benign,0,0,0,0,0,0,0
benign,0,0,0,0,1679045,0,0
benign,0,0,0,0,20632,0,0
benign,0,0,0,0,0,0,0
benign,0,0,0,1,8985714,0,0
benign,0,0,0,0,0,0,0
benign,0,0,0,0,0,0,0
benign,0,0,0,0,0,0,0
benign,0,0,0,0,0,0,0
benign,0,0,0,0,0,0,0
benign,0,0,0,0,273157,0,0
benign,0,0,0,2,5187011,0,1
benign,0,0,0,0,0,0,0
benign,0,0,0,0,0,0,0
benign,0,0,0,0,0,0,0
benign,0,0,0,0,4082526,0,0
benign,0,0,0,0,0,0,0
benign,0,0,0,0,0,0,0
benign,1,0,0,0,0,0,0
benign,0,0,0,0,0,0,0
benign,0,0,0,0,0,0,0
benign,0,0,0,0,0,0,0
benign,0,0,0,0,1207052,0,0
benign,1,0,0,0,1620618,0,0
benign,0,0,0,0,783959,0,0
benign,0,0,0,0,0,0,0
benign,0,0,0,0,9856497,0,0
benign,0,0,0,0,3008172,0,0
benign,0,0,0,0,0,0,0
benign,0,0,0,0,215558,0,0
benign,0,0,0,0,0,0,0
benign,1,0,0,0,0,0,0
benign,0,0,0,0,5236246,0,0
benign,0,0,0,0,1763236,0,0
benign,0,0,0,0,0,0,0
benign,0,0,0,0,7786329,0,0
benign,0,0,0,0,0,0,0
benign,0,0,0,0,0,0,0
benign,0,0,0,0,0,0,0
benign,0,0,0,0,0,0,0
benign,0,0,0,0,0,0,0
benign,1,0,0,0,0,0,0
benign,0,0,0,0,2202647,0,0
benign,0,0,0,0,5485733,0,0
benign,0,0,0,0,0,0,0
benign,0,0,0,0,7877400,0,0
benign,1,0,0,2,15742868,329822,0
benign,0,0,0,0,0,0,0
benign,0,0,0,0,0,0,0
benign,0,0,0,0,0,0,0
benign,0,0,0,2,3411139,0,0
benign,0,0,0,0,302862,0,0
benign,0,0,0,0,0,0,0
benign,0,0,0,0,0,0,0
benign,0,0,0,0,323627,0,0
benign,0,0,0,0,0,0,0
benign,0,0,0,0,96129,0,0
benign,0,0,0,0,4690554,0,0
benign,0,0,0,0,2661807,0,0
benign,0,0,0,0,2340991,0,0
benign,0,0,0,5,5198022,1280,1
benign,0,0,0,0,1651613,0,0
benign,0,0,0,0,0,0,0
benign,0,0,0,0,15516333,0,0
benign,0,0,0,0,275764,0,0
benign,0,0,0,0,0,0,0
benign,1,0,0,0,0,0,0
benign,0,0,0,3,1414858,0,0
benign,0,0,0,0,10462,0,0
benign,0,0,0,0,0,0,0
benign,0,0,0,0,0,0,0
benign,0,0,0,0,0,0,0
benign,0,0,0,0,0,0,0
benign,0,0,0,0,3635867,0,0
benign,0,0,0,0,3982431,0,0
benign,0,0,0,0,0,0,0
benign,0,0,0,0,69813,0,0
benign,1,0,0,1,7059699,0,0
benign,0,0,0,0,8059,0,0
benign,0,0,0,0,0,0,0
benign,0,0,0,0,0,0,0
benign,0,0,0,0,355580,0,0
benign,0,0,0,2,4184447,37754,0
benign,0,0,0,0,629046,0,0
benign,0,0,0,0,0,0,0
benign,0,0,0,0,0,0,0
benign,0,0,0,0,0,0,0
benign,0,0,0,0,391322,0,0
benign,0,0,0,0,0,0,0
benign,0,0,0,0,0,0,0
benign,0,0,0,0,0,0,0
benign,0,0,0,0,0,0,0
benign,1,0,0,2,16550321,2376,0
benign,0,0,0,0,0,0,0
benign,0,0,0,0,129861,0,0
benign,0,0,0,1,2128610,0,0
benign,0,0,0,0,0,0,0
benign,0,0,0,0,0,0,0
benign,0,0,0,0,2499291,0,0
benign,0,0,0,0,0,0,0
benign,0,0,0,0,1864084,0,0
benign,0,0,0,0,0,0,0
benign,0,0,0,0,0,0,0
benign,0,0,0,2,1528224,4312,0
benign,0,0,0,0,0,0,0
benign,0,0,0,0,0,0,0
benign,0,0,0,0,2362503,0,0
benign,0,0,0,0,0,0,0
benign,0,0,0,0,0,0,0
benign,0,0,0,2,3483327,0,1
benign,0,0,0,0,0,0,0
benign,1,0,0,0,7831421,0,0
benign,0,0,0,0,0,0,0
benign,0,0,0,0,5697721,0,0
benign,0,0,0,0,0,0,0
benign,1,0,0,0,4698302,0,0
benign,0,0,0,0,306536,0,0
benign,0,0,0,0,0,0,0
benign,0,0,0,0,306552,0,0
benign,0,0,0,0,0,0,0
benign,0,0,0,0,0,0,0
benign,0,0,0,0,1160666,0,0
benign,0,0,0,0,16917207,0,0
benign,0,0,0,0,0,0,0
benign,0,0,0,0,17541735,0,0
benign,0,0,0,0,0,0,0
benign,0,0,0,0,4330442,0,0
benign,0,0,0,0,258574,0,0
benign,0,0,0,0,0,0,0
benign,0,0,0,0,0,0,0
benign,0,0,0,0,0,0,0
benign,0,0,0,0,0,0,0
benign,0,0,0,0,91988,0,0
benign,0,0,0,0,1936059,0,0
benign,0,0,0,0,2052788,0,0
benign,0,0,0,0,0,0,0
benign,0,0,0,0,0,0,0
benign,0,0,0,0,0,0,0
benign,0,0,0,0,0,0,0
benign,0,0,0,0,2130525,0,0
benign,0,0,0,0,0,0,0
benign,0,0,0,0,5116440,0,0
benign,0,0,0,0,0,0,0
benign,0,0,0,0,0,0,0
benign,0,0,0,0,9892707,0,0
benign,0,0,0,0,0,0,0
benign,0,0,0,0,0,0,0
benign,1,0,0,0,0,0,0
benign,1,0,0,0,0,0,0
benign,0,0,0,0,11457355,0,0
benign,0,0,0,0,0,0,0
benign,0,0,0,0,5053677,0,0
benign,0,0,0,0,0,0,0
benign,0,0,0,0,0,0,0
benign,0,0,0,0,0,0,0
benign,0,0,0,0,0,0,0
benign,0,0,0,0,12752932,0,0
benign,0,0,0,0,737513,0,0
benign,0,0,0,0,0,0,0
benign,0,0,0,0,0,0,0
benign,0,0,0,0,0,0,0
benign,0,0,0,0,0,0,0
benign,0,0,0,0,0,0,0
benign,0,0,0,0,0,0,0
benign,1,0,0,0,0,0,0
benign,0,0,0,0,26802487,0,0
benign,0,0,0,0,216844,0,0
benign,0,0,0,0,6209188,0,0
benign,1,0,0,0,476368,0,0
benign,0,0,0,0,2536405,0,0
benign,0,0,0,0,2398720,0,0
benign,0,0,0,0,0,0,0
benign,0,0,0,0,4423723,0,0
benign,0,0,0,0,189903,0,0
benign,0,0,0,0,3916149,0,0
benign,0,0,0,0,1190200,0,0
benign,0,0,0,0,11751368,0,0
benign,0,0,0,0,241453,0,0
benign,0,0,0,0,0,0,0
benign,0,0,0,0,7491501,0,0
benign,0,0,0,0,10450368,0,0
benign,0,0,0,0,0,0,0
benign,0,0,0,0,1594296,0,0
benign,0,0,0,0,84749,0,0
benign,0,0,0,0,3686972,0,0
benign,0,0,0,0,0,0,0
benign,0,0,0,0,0,0,0
benign,0,0,0,0,0,0,0
benign,0,0,0,0,2434827,0,0
benign,0,0,0,0,0,0,0
benign,0,0,0,0,0,0,0
benign,0,0,0,0,0,0,0
benign,0,0,0,0,0,0,0
benign,0,0,0,0,0,0,0
benign,0,0,0,0,0,0,0
benign,0,0,0,0,0,0,0
benign,0,0,0,0,0,0,0
benign,0,0,0,0,13176691,0,0
benign,0,0,0,0,11044106,0,0
benign,0,0,0,0,2557429,0,0
benign,0,0,0,0,0,0,0
benign,0,0,0,0,745471,0,0
benign,0,0,0,0,0,0,0
benign,0,0,0,0,623427,0,0
benign,0,0,0,0,0,0,0
benign,0,0,0,0,0,0,0
benign,0,0,0,0,0,0,0
benign,0,0,0,0,0,0,0
benign,0,0,0,0,0,0,0
benign,0,0,0,0,1005210,0,0
benign,0,0,0,0,0,0,0
benign,0,0,0,0,0,0,0
benign,0,0,0,0,0,0,0
benign,0,0,0,0,0,0,0
benign,0,0,0,0,0,0,0
benign,0,0,0,0,1446451,0,0
benign,0,0,0,0,0,0,0
benign,0,0,0,0,4068799,0,0
benign,0,0,0,0,0,0,0
benign,0,0,0,0,0,0,0
benign,0,0,0,0,0,0,0
benign,0,0,0,3,21404471,0,0
benign,0,0,0,0,0,0,0
benign,0,0,0,0,1711467,0,0
benign,0,0,0,0,0,0,0
benign,0,0,0,0,13402334,0,0
benign,1,0,0,0,307930,0,0
benign,0,0,0,0,5334220,0,0
benign,0,0,0,0,0,0,0
benign,0,0,0,0,0,0,0
benign,0,0,0,0,0,0,0
benign,0,0,0,0,0,0,0
benign,0,0,0,0,0,0,0
benign,0,0,0,0,566003,0,0
benign,1,0,0,0,9895551,0,0
benign,0,0,0,0,1733844,0,0
benign,0,0,0,0,0,0,0
benign,0,0,0,3,3877491,338721,0
benign,0,0,0,0,0,0,0
benign,0,0,0,0,0,0,0
benign,0,0,0,0,0,0,0
benign,0,0,0,0,0,0,0
benign,0,0,0,0,0,0,0
benign,0,0,0,0,1969916,0,0
benign,0,0,0,0,0,0,0
benign,1,0,0,0,3002901,0,0
benign,0,0,0,0,0,0,0
benign,0,0,0,0,0,0,0
benign,0,0,0,0,1281085,0,0
benign,0,0,0,0,0,0,0
benign,0,0,0,0,0,0,0
benign,0,0,0,0,217149,0,0
benign,1,0,0,0,0,0,0
benign,0,0,0,0,0,0,0
benign,0,0,0,0,0,0,0
benign,1,0,0,0,2159980,0,0
benign,0,0,0,0,0,0,0
benign,0,0,0,0,0,0,0
benign,0,0,0,0,1193119,0,0
benign,0,0,0,0,0,0,0
benign,0,0,0,0,0,0,0
benign,0,0,0,0,0,0,0
benign,0,0,0,0,0,0,0
benign,0,0,0,1,18252880,30340,0
benign,0,0,0,0,0,0,0
benign,0,0,0,0,2874208,0,0
benign,0,0,0,0,6340539,0,0
benign,0,0,0,0,0,0,0
benign,0,0,0,0,3583311,0,0
benign,0,0,0,0,3887302,0,0
benign,0,0,0,0,471030,0,0
benign,0,0,0,0,0,0,0
benign,0,0,0,0,0,0,0
benign,0,0,0,0,0,0,0
benign,0,0,0,0,0,0,0
benign,0,0,0,0,0,0,0
benign,0,0,0,0,2758539,0,0
benign,0,0,0,0,0,0,0
benign,0,0,0,0,1668358,0,0
benign,0,0,0,0,0,0,0
benign,0,0,0,0,0,0,0
benign,0,0,0,1,286880,0,0
benign,1,0,0,0,2623541,0,0
benign,0,0,0,0,0,0,0
benign,0,0,0,0,0,0,0
benign,0,0,0,0,301668,0,0
benign,0,0,0,0,0,0,0
benign,0,0,0,0,1318757,0,0
benign,0,0,0,0,6540497,0,0
benign,0,0,0,0,18877840,0,0
benign,0,0,0,0,3628055,0,0
benign,0,0,0,0,0,0,0
benign,0,0,0,0,0,0,0
benign,0,0,0,0,95598,0,0
benign,0,0,0,0,0,0,0
benign,0,0,0,0,0,0,0
benign,0,0,0,0,0,0,0
benign,0,0,0,2,6908875,0,0
benign,0,0,0,0,0,0,0
benign,0,0,0,3,4453635,36380,1
benign,0,0,0,0,0,0,0
benign,1,0,0,0,1341145,0,0
benign,0,0,0,0,0,0,0
benign,0,0,0,0,0,0,0
benign,0,0,0,0,0,0,0
benign,0,0,0,2,5491092,32233,0
benign,0,0,0,0,0,0,0
benign,0,0,0,0,1847502,0,0
benign,0,0,0,0,0,0,0
benign,0,0,0,0,0,0,0
benign,0,0,0,0,0,0,0
benign,1,0,0,0,7447526,0,0
benign,0,0,0,0,0,0,0
benign,0,0,0,0,0,0,0
benign,0,0,0,0,0,0,0
benign,1,0,0,0,0,0,0
benign,0,0,0,0,0,0,0
benign,0,0,0,0,2022035,0,0
benign,0,0,0,0,0,0,0
benign,0,0,0,0,0,0,0
benign,0,0,0,0,0,0,0
benign,0,0,0,0,6965137,0,0
benign,0,0,0,0,0,0,0
benign,0,0,0,0,1871186,0,0
benign,0,0,0,0,0,0,0
benign,0,0,0,0,1005928,0,0
benign,0,0,0,0,0,0,0
benign,0,0,0,0,0,0,0
benign,0,0,0,0,8404,0,0
benign,0,0,0,0,0,0,0
benign,1,0,0,0,19659194,0,0
benign,0,0,0,0,1031628,0,0
benign,0,0,0,0,0,0,0
benign,0,0,0,0,0,0,0
benign,0,0,0,4,30805850,32324,0
benign,0,0,0,0,2030685,0,0
benign,0,0,0,0,2498231,0,0
benign,1,0,0,0,6994623,0,0
benign,0,0,0,0,0,0,0
benign,0,0,0,0,1908771,0,0
benign,0,0,0,0,5733702,0,0
benign,0,0,0,0,0,0,0
benign,0,0,0,0,0,0,0
benign,0,0,0,0,0,0,0
benign,0,0,0,0,3793949,0,0
benign,0,0,0,2,3853513,0,0
benign,0,0,0,0,4078830,0,0
benign,0,0,0,0,2378098,0,0
benign,0,0,0,0,0,0,0
benign,1,0,0,0,1886831,0,0
benign,0,0,0,0,0,0,0
benign,0,0,0,0,1073454,0,0
benign,0,0,0,0,0,0,0
benign,0,0,0,0,2445865,0,0
benign,0,0,0,0,509765,0,0
benign,0,0,0,0,0,0,0
benign,0,0,0,0,0,0,0
benign,1,0,0,0,4280070,0,0
benign,0,0,0,0,0,0,0
benign,0,0,0,0,0,0,0
benign,0,0,0,0,0,0,0
benign,0,0,0,0,1572865,0,0
benign,0,0,0,0,0,0,0
benign,0,0,0,0,4150859,0,0
benign,0,0,0,0,0,0,0
benign,0,0,0,0,0,0,0
benign,0,0,0,0,0,0,0
benign,0,0,0,0,0,0,0
benign,1,0,0,0,0,0,0
benign,0,0,0,0,0,0,0
benign,0,0,0,0,8757893,0,0
benign,0,0,0,0,0,0,0
benign,0,0,0,0,1789600,0,0
benign,0,0,0,0,1015292,0,0
benign,0,0,0,0,2821045,0,0
benign,0,0,0,0,0,0,0
benign,0,0,0,0,4947385,0,0
benign,0,0,0,0,0,0,0
benign,0,0,0,0,67778,0,0
benign,0,0,0,0,0,0,0
benign,0,0,0,1,9439177,0,0
benign,0,0,0,0,0,0,0
benign,0,0,0,0,0,0,0
benign,0,0,0,0,0,0,0
benign,0,0,0,2,2930119,194432,0
benign,0,0,0,0,0,0,0
benign,0,0,0,0,0,0,0
benign,0,0,0,0,0,0,0
benign,0,0,0,0,0,0,0
benign,0,0,0,0,1571437,0,0
benign,0,0,0,0,346672,0,0
benign,0,0,0,0,0,0,0
benign,0,0,0,0,0,0,0
benign,0,0,0,0,0,0,0
benign,0,0,0,0,0,0,0
benign,0,0,0,0,5261546,0,0
benign,0,0,0,0,3249803,0,0
benign,1,0,0,0,3862648,0,0
benign,0,0,0,0,1836779,0,0
benign,0,0,0,0,0,0,0
benign,0,0,0,0,0,0,0
benign,1,0,0,0,0,0,0
benign,0,0,0,0,0,0,0
benign,0,0,0,0,0,0,0
benign,0,0,0,0,0,0,0
benign,1,0,0,0,374409,0,0
benign,0,0,0,0,0,0,0
benign,0,0,0,0,271038,0,0
benign,0,0,0,0,0,0,0
benign,0,0,0,0,0,0,0
benign,0,0,0,0,0,0,0
benign,0,0,0,0,0,0,0
benign,0,0,0,0,0,0,0
benign,0,0,0,0,1800185,0,0
benign,0,0,0,0,69381,0,0
benign,0,0,0,0,1989180,0,0
benign,0,0,0,0,0,0,0
benign,0,0,0,0,0,0,0
benign,0,0,0,0,0,0,0
benign,0,0,0,0,0,0,0
benign,0,0,0,0,0,0,0
benign,0,0,0,0,0,0,0
benign,0,0,0,0,0,0,0
benign,0,0,0,0,0,0,0
benign,0,0,0,1,5876600,0,0
benign,0,0,0,0,0,0,0
benign,0,0,0,0,98478,0,0
benign,0,0,0,0,0,0,0
benign,0,0,0,0,0,0,0
benign,0,0,0,0,355440,0,0
benign,0,0,0,0,0,0,0
benign,0,0,0,0,0,0,0
benign,0,0,0,0,0,0,1
benign,0,0,0,0,0,0,0
benign,0,0,0,0,435288,0,0
benign,0,0,0,0,0,0,0
benign,0,0,0,0,0,0,0
benign,0,0,0,2,3912683,0,0
benign,0,0,0,0,71385,0,0
benign,0,0,0,0,1345690,0,0
benign,0,0,0,0,4430866,0,0
benign,0,0,0,0,0,0,0
benign,0,0,0,0,0,0,0
benign,0,0,0,0,0,0,0
benign,0,0,0,0,0,0,0
benign,0,0,0,0,3424616,0,0
benign,0,0,0,0,309887,0,0
benign,0,0,0,0,0,0,0
benign,0,0,0,1,9740825,0,0
benign,0,0,0,0,5405269,0,0
benign,0,0,0,0,0,0,0
benign,0,0,0,0,0,0,0
benign,0,0,0,0,637385,0,0
benign,0,0,0,0,0,0,0
benign,0,0,0,0,0,0,0
benign,0,0,0,0,0,0,0
benign,0,0,0,0,0,0,0
benign,0,0,0,0,0,0,0
benign,1,0,0,0,3351525,0,0
benign,0,0,0,0,0,0,0
benign,0,0,0,0,0,0,0
benign,0,0,0,0,2561744,0,0
benign,0,0,0,0,485006,0,0
benign,0,0,0,0,0,0,0
benign,1,0,0,0,6308056,0,0
benign,0,0,0,0,0,0,0
benign,0,0,0,0,0,0,0
benign,0,0,0,0,1420880,0,0
benign,0,0,0,0,480126,0,0
benign,0,0,0,0,0,0,0
benign,0,0,0,0,959164,0,0
benign,0,0,0,0,6382182,0,0
benign,0,0,0,0,0,0,0
benign,0,0,0,0,3684228,0,0
benign,0,0,0,0,0,0,0
benign,0,0,0,0,1307038,0,0
benign,0,0,0,0,1759273,0,0
benign,0,0,0,0,0,0,0
benign,0,0,0,0,0,0,0
benign,0,0,0,0,0,0,0
benign,0,0,0,0,8038412,0,0
benign,0,0,0,0,0,0,0
benign,0,0,0,2,4735891,43584,1
benign,0,0,0,0,0,0,0
benign,0,0,0,0,0,0,0
benign,0,0,0,0,0,0,0
benign,0,0,0,2,13513722,239443,0
benign,0,0,0,0,0,0,0
benign,0,0,0,0,0,0,0
benign,0,0,0,0,143163,0,0
benign,0,0,0,0,0,0,0
benign,0,0,0,0,0,0,0
benign,0,0,0,0,0,0,0
benign,0,0,0,0,0,0,0
benign,0,0,0,0,0,0,0
benign,0,0,0,0,4504897,0,0
benign,0,0,0,0,0,0,0
benign,0,0,0,0,0,0,0
benign,0,0,0,0,1851068,0,0
benign,0,0,0,0,0,0,0
benign,0,0,0,0,0,0,0
benign,0,0,0,0,0,0,0
benign,0,0,0,0,6695854,0,0
benign,0,0,0,1,3150182,0,0
benign,1,0,0,0,8090616,0,0
benign,0,0,0,0,0,0,0
benign,0,0,0,0,0,0,0
benign,0,0,0,0,0,0,0
benign,0,0,0,0,0,0,0
benign,0,0,0,0,0,0,0
benign,0,0,0,0,0,0,0
benign,1,0,0,0,0,0,0
benign,0,0,0,0,0,0,0
benign,0,0,0,0,0,0,0
benign,0,0,0,0,7878924,0,0
benign,0,0,0,0,2112610,0,0
benign,0,0,0,0,0,0,0
benign,0,0,0,0,0,0,0
benign,0,0,0,0,766435,0,0
benign,0,0,0,0,0,0,0
benign,0,0,0,0,0,0,0
benign,0,0,0,0,0,0,0
benign,0,0,0,0,5749165,0,0
benign,1,0,0,0,1283583,0,0
benign,0,0,0,0,0,0,0
benign,0,0,0,0,0,0,0
benign,0,0,0,0,0,0,0
benign,0,0,0,0,1808315,0,0
benign,0,0,0,0,0,0,0
benign,0,0,0,0,0,0,0
benign,0,0,0,0,5939978,0,0
benign,0,0,0,0,878269,0,0
benign,1,0,0,0,7150434,0,0
benign,0,0,0,0,0,0,0
benign,0,0,0,0,7793635,0,0
benign,0,0,0,0,627842,0,0
benign,0,0,0,0,0,0,0
benign,0,0,0,0,0,0,0
benign,0,0,0,0,0,0,0
benign,0,0,0,0,2104310,0,0
benign,0,0,0,0,0,0,0
benign,0,0,0,0,0,0,0
benign,0,0,0,1,1887576,0,0
benign,0,0,0,0,2526106,0,0
benign,0,0,0,0,184182,0,0
benign,0,0,0,0,3526177,0,0
benign,0,0,0,0,0,0,0
benign,0,0,0,0,301287,0,0
benign,0,0,0,0,0,0,0
benign,0,0,0,0,0,0,0
benign,0,0,0,0,1946347,0,0
benign,0,0,0,0,0,0,0
benign,0,0,0,0,0,0,0
benign,1,0,0,1,10444184,8743820,0
benign,0,0,0,0,0,0,0
benign,0,0,0,0,0,0,0
benign,0,0,0,0,233229,0,0
benign,0,0,0,0,0,0,0
benign,0,0,0,0,2517201,0,0
benign,0,0,0,0,2372078,0,0
benign,0,0,0,0,0,0,0
benign,0,0,0,0,0,0,0
benign,0,0,0,0,0,0,0
benign,0,0,0,0,19483402,0,0
benign,0,0,0,0,0,0,0
benign,0,0,0,0,0,0,0
benign,0,0,0,0,0,0,0
benign,0,0,0,0,4861002,0,0
benign,0,0,0,0,2641857,0,0
benign,0,0,0,0,3150550,0,0
benign,0,0,0,0,0,0,0
benign,0,0,0,0,0,0,0
benign,1,0,0,0,4180152,0,0
benign,0,0,0,0,7498482,0,0
benign,0,0,0,0,123047,0,0
benign,0,0,0,0,0,0,0
benign,1,0,0,0,0,0,0
benign,0,0,0,0,6053530,0,0
benign,0,0,0,0,0,0,0
benign,0,0,0,0,0,0,0
benign,0,0,0,0,4578,0,0
benign,0,0,0,1,13878265,0,0
benign,1,0,0,0,0,0,0
benign,0,0,0,0,2418184,0,0
benign,0,0,0,0,265096,0,0
benign,0,0,0,0,0,0,0
benign,0,0,0,0,0,0,0
benign,0,0,0,0,1844530,0,0
benign,0,0,0,0,7945332,0,0
benign,0,0,0,0,0,0,0
benign,0,0,0,0,9534349,0,0
benign,1,0,0,0,0,0,0
benign,0,0,0,0,8430166,0,0
benign,0,0,0,0,953938,0,0
benign,0,0,0,0,0,0,0
benign,0,0,0,0,8104536,0,0
benign,0,0,0,0,0,0,0
benign,0,0,0,0,42556,0,0
benign,0,0,0,0,1979175,0,0
benign,0,0,0,0,6385336,0,0
benign,0,0,0,0,0,0,0
benign,0,0,0,0,0,0,0
benign,0,0,0,0,0,0,0
benign,0,0,0,1,21976094,0,0
benign,0,0,0,0,3239665,0,0
benign,0,0,0,0,0,0,0
benign,0,0,0,0,0,0,0
benign,0,0,0,0,0,0,0
benign,0,0,0,0,570202,0,0
benign,0,0,0,0,3246162,0,0
benign,0,0,0,0,0,0,0
benign,0,0,0,0,0,0,0
benign,0,0,0,0,0,0,0
benign,0,0,0,0,0,0,0
benign,0,0,0,0,0,0,0
benign,0,0,0,0,9314758,0,0
benign,0,0,0,0,242532,0,0
benign,0,0,0,0,0,0,0
benign,0,0,0,0,0,0,0
benign,0,0,0,0,813496,0,0
benign,0,0,0,0,2629556,0,0
benign,1,0,0,0,16389996,0,0
benign,0,0,0,0,0,0,0
benign,0,0,0,0,13213275,0,0
benign,0,0,0,0,0,0,0
benign,0,0,0,0,0,0,0
benign,0,0,0,0,0,0,0
benign,0,0,0,0,0,0,0
benign,0,0,0,0,0,0,0
benign,0,0,0,0,1371103,0,0
benign,0,0,0,0,0,0,0
benign,0,0,0,0,0,0,0
benign,0,0,0,0,0,0,0
benign,1,0,0,0,0,0,0
benign,0,0,0,0,0,0,0
benign,1,0,0,0,2836361,0,0
benign,0,0,0,0,0,0,0
benign,0,0,0,0,1254711,0,0
benign,0,0,0,0,1979990,0,0
benign,0,0,0,0,0,0,0
benign,0,0,0,0,0,0,0
benign,0,0,0,0,0,0,0
benign,0,0,0,0,0,0,0
benign,0,0,0,0,4326407,0,0
benign,0,0,0,0,0,0,0
benign,0,0,0,0,0,0,0
benign,0,0,0,0,0,0,0
benign,0,0,0,0,0,0,0
benign,1,0,0,0,2616180,0,0
benign,0,0,0,1,1514040,0,0
benign,0,0,0,0,0,0,0
benign,0,0,0,0,0,0,0
benign,0,0,0,0,6920729,0,0
benign,0,0,0,0,8676354,0,0
benign,0,0,0,0,0,0,0
benign,0,0,0,0,0,0,0
benign,1,0,0,0,5342133,0,0
benign,0,0,0,1,1657686,0,0
benign,0,0,0,0,705939,0,0
benign,1,0,0,0,4360496,0,0
benign,0,0,0,0,0,0,1
benign,0,0,0,0,0,0,0
benign,0,0,0,0,4290860,0,0
benign,0,0,0,0,0,0,0
benign,0,0,0,0,289615,0,0
benign,0,0,0,0,2441820,0,0
benign,0,0,0,0,12509305,0,0
benign,0,0,0,0,0,0,0
benign,0,0,0,0,0,0,0
benign,0,0,0,0,0,0,0
benign,1,0,0,4,12428545,8729837,0
benign,0,0,0,0,0,0,0
benign,0,0,0,0,0,0,0
benign,0,0,0,0,27895,0,0
benign,0,0,0,0,0,0,0
benign,0,0,0,0,13649,0,0
benign,0,0,0,0,2773024,0,0
benign,0,0,0,0,1725307,0,0
benign,0,0,0,3,4091488,733923,1
benign,0,0,0,0,0,0,0
benign,0,0,0,0,0,0,0
benign,0,0,0,0,0,0,0
benign,0,0,0,0,0,0,0
benign,0,0,0,0,795167,0,0
benign,0,0,0,0,0,0,0
benign,0,0,0,0,0,0,0
benign,0,0,0,0,0,0,0
benign,0,0,0,0,0,0,0
benign,0,0,0,0,6658526,0,0
benign,0,0,0,0,4116213,0,0
benign,0,0,0,0,0,0,0
benign,0,0,0,0,0,0,0
benign,0,0,0,0,40721,0,0
benign,0,0,0,2,21262855,2989912,1
benign,0,0,0,0,4650229,0,0
benign,0,0,0,0,6160665,0,0
benign,0,0,0,0,0,0,0
benign,0,0,0,0,0,0,0
benign,0,0,0,0,0,0,0
benign,0,0,0,0,0,0,0
benign,0,0,0,0,2208510,0,0
benign,0,0,0,0,1079538,0,0
benign,0,0,0,0,312586,0,0
benign,0,0,0,0,0,0,0
benign,0,0,0,0,81460,0,0
benign,0,0,0,0,4259125,0,0
benign,0,0,0,0,0,0,0
benign,0,0,0,0,3720784,0,0
benign,0,0,0,0,0,0,0
benign,0,0,0,0,0,0,0
benign,1,0,0,2,13098390,637273,1
benign,0,0,0,0,3049251,0,0
benign,0,0,0,0,1554674,0,0
benign,0,0,0,0,7121579,0,0
benign,0,0,0,0,2699384,0,0
benign,0,0,0,0,0,0,0
benign,1,0,0,0,32186973,0,0
benign,0,0,0,0,0,0,0
benign,0,0,0,0,0,0,0
benign,0,0,0,0,0,0,0
benign,0,0,0,0,1590198,0,0
benign,0,0,0,0,0,0,0
benign,0,0,0,0,7902792,0,0
benign,0,0,0,0,492356,0,0
benign,0,0,0,0,0,0,0
benign,0,0,0,0,0,0,0
benign,0,0,0,0,0,0,0
benign,0,0,0,0,0,0,0
benign,0,0,0,1,22055090,0,0
benign,0,0,0,0,0,0,0
benign,0,0,0,0,0,0,0
benign,0,0,0,0,0,0,0
benign,1,0,0,0,0,0,0
benign,0,0,0,0,0,0,0
benign,1,0,0,0,0,0,0
benign,0,0,0,0,0,0,0
benign,0,0,0,0,0,0,0
benign,0,0,0,0,0,0,0
benign,1,0,0,0,19447311,0,0
benign,0,0,0,0,6917485,0,0
benign,0,0,0,0,0,0,0
benign,0,0,0,0,8038,0,0
benign,0,0,0,0,118036,0,0
benign,0,0,0,0,0,0,0
benign,0,0,0,0,789454,0,0
benign,0,0,0,0,77238,0,0
benign,0,0,0,0,0,0,0
benign,0,0,0,0,0,0,0
benign,0,0,0,0,0,0,0
benign,0,0,0,0,286195,0,0
benign,0,0,0,0,0,0,0
benign,0,0,0,2,16012611,0,0
benign,0,0,0,0,0,0,0
benign,0,0,0,0,0,0,0
benign,0,0,0,0,0,0,0
benign,0,0,0,0,18226528,0,0
benign,0,0,0,0,3183489,0,0
benign,0,0,0,0,0,0,0
benign,0,0,0,0,11391531,0,0
benign,0,0,0,0,5645927,0,0
benign,0,0,0,0,0,0,0
benign,0,0,0,1,4733215,0,0
benign,0,0,0,0,0,0,0
benign,0,0,0,0,0,0,0
benign,0,0,0,0,2014969,0,0
benign,0,0,0,0,0,0,0
benign,0,0,0,0,0,0,0
benign,0,0,0,0,0,0,0
benign,0,0,0,0,1841046,0,0
benign,0,0,0,0,0,0,0
benign,0,0,0,0,26747,0,0
benign,0,0,0,0,0,0,0
benign,0,0,0,0,310283,0,0
benign,0,0,0,0,0,0,0
benign,0,0,0,0,0,0,0
benign,0,0,0,0,4840534,0,0
benign,0,0,0,0,2090135,0,0
benign,0,0,0,0,0,0,0
benign,0,0,0,0,2592442,0,0
benign,0,0,0,0,1463707,0,0
benign,0,0,0,0,2044981,0,0
benign,0,0,0,0,0,0,0
benign,0,0,0,0,0,0,0
benign,0,0,0,0,0,0,0
benign,0,0,0,0,0,0,0
benign,0,0,0,0,0,0,0
benign,0,0,0,2,8889801,0,0
benign,0,0,0,0,0,0,0
benign,0,0,0,0,0,0,0
benign,0,0,0,0,0,0,0
benign,0,0,0,0,0,0,0
benign,0,0,0,0,0,0,0
benign,0,0,0,0,0,0,0
benign,0,0,0,2,3753328,129839,0
benign,0,0,0,0,309492,0,0
benign,0,0,0,0,1859790,0,0
benign,0,0,0,0,0,0,0
benign,0,0,0,0,265260,0,0
benign,0,0,0,0,400656,0,0
benign,0,0,0,0,0,0,0
benign,0,0,0,0,0,0,0
benign,0,0,0,0,0,0,0
benign,0,0,0,0,0,0,0
benign,0,0,0,0,5925125,0,0
benign,0,0,0,0,8577488,0,0
benign,0,0,0,0,3744680,0,0
benign,0,0,0,0,0,0,0
benign,0,0,0,0,0,0,0
benign,0,0,0,0,0,0,0
benign,0,0,0,0,3736445,0,0
benign,0,0,0,0,0,0,0
benign,0,0,0,0,1471374,0,0
benign,0,0,0,0,3431501,0,0
benign,0,0,0,0,0,0,0
benign,0,0,0,0,9440615,0,0
benign,1,0,0,0,3841446,0,0
benign,0,0,0,0,0,0,0
benign,0,0,0,0,0,0,0
benign,0,0,0,2,4237045,829839,1
benign,0,0,0,0,4223228,0,0
benign,0,0,0,0,200185,0,0
benign,0,0,0,0,0,0,0
benign,0,0,0,0,0,0,0
benign,0,0,0,0,41964,0,0
benign,0,0,0,0,606571,0,0
benign,0,0,0,0,0,0,0
benign,0,0,0,0,0,0,0
benign,0,0,0,0,0,0,0
benign,0,0,0,0,0,0,0
benign,0,0,0,0,0,0,1
benign,0,0,0,0,0,0,0
benign,0,0,0,0,2059187,0,0
benign,0,0,0,0,0,0,0
benign,0,0,0,0,0,0,0
benign,0,0,0,0,2011579,0,0
benign,0,0,0,0,2252500,0,0
benign,0,0,0,0,0,0,0
benign,0,0,0,8,11139280,3657928,1
benign,0,0,0,0,0,0,0
benign,0,0,0,0,0,0,0
benign,0,0,0,0,0,0,0
benign,0,0,0,0,0,0,0
benign,0,0,0,0,20111253,0,0
benign,0,0,0,0,0,0,0
benign,0,0,0,0,981032,0,0
benign,0,0,0,0,2503966,0,0
benign,0,0,0,0,0,0,0
benign,0,0,0,0,869240,0,0
benign,0,0,0,0,3140784,0,0
benign,0,0,0,0,0,0,0
benign,0,0,0,0,2858403,0,0
benign,0,0,0,3,13966350,878298,0
benign,0,0,0,0,0,0,0
benign,0,0,0,0,0,0,0
benign,0,0,0,0,11503280,0,0
benign,0,0,0,0,2557383,0,0
benign,0,0,0,0,8202270,0,0
benign,0,0,0,0,0,0,0
benign,0,0,0,0,227075,0,0
benign,0,0,0,1,1516321,0,0
benign,0,0,0,0,642144,0,0
benign,0,0,0,0,0,0,0
benign,0,0,0,0,10823714,0,0
benign,0,0,0,0,11668810,0,0
benign,0,0,0,0,0,0,0
benign,0,0,0,0,282475,0,0
benign,0,0,0,0,0,0,0
benign,0,0,0,0,0,0,0
benign,0,0,0,0,0,0,0
benign,0,0,0,0,0,0,0
benign,0,0,0,0,2311238,0,0
benign,0,0,0,0,0,0,0
benign,1,0,0,4,20087255,5466543,1
benign,0,0,0,0,597674,0,0
benign,0,0,0,0,865094,0,0
benign,0,0,0,0,3350810,0,0
benign,0,0,0,0,6945124,0,0
benign,1,0,0,0,468215,0,0
benign,0,0,0,0,8185125,0,0
benign,0,0,0,0,4838639,0,0
benign,0,0,0,0,4244729,0,0
benign,1,0,0,0,0,0,0
benign,0,0,0,0,0,0,0
benign,0,0,0,2,17313586,554675,0
benign,0,0,0,0,256539,0,0
benign,0,0,0,0,2662291,0,0
benign,0,0,0,0,0,0,0
benign,0,0,0,3,16568866,453566,1
benign,0,0,0,0,0,0,0
benign,0,0,0,0,0,0,0
benign,0,0,0,0,0,0,0
benign,0,0,0,0,0,0,0
benign,0,0,0,0,0,0,0
benign,0,0,0,0,221397,0,0
benign,0,0,0,0,6809346,0,0
benign,0,0,0,0,0,0,0
benign,0,0,0,0,2795728,0,0
benign,0,0,0,0,2122404,0,0
benign,0,0,0,0,0,0,0
benign,0,0,0,0,0,0,0
benign,0,0,0,0,7291949,0,0
benign,1,0,0,0,0,0,0
benign,0,0,0,0,0,0,0
benign,0,0,0,0,789103,0,0
benign,0,0,0,0,914201,0,0
benign,0,0,0,0,2244834,0,0
benign,0,0,0,0,0,0,0
benign,0,0,0,0,3860627,0,0
benign,1,0,0,0,11032626,0,0
benign,0,0,0,0,0,0,0
benign,0,0,0,0,560617,0,0
benign,0,0,0,2,15616879,348765,0
benign,1,0,0,0,20915659,0,0
benign,0,0,0,0,938695,0,0
benign,0,0,0,0,0,0,0
benign,0,0,0,0,0,0,0
benign,0,0,0,0,64155,0,0
benign,0,0,0,0,0,0,0
benign,0,0,0,0,0,0,0
benign,0,0,0,0,13310408,0,0
benign,0,0,0,0,1346744,0,0
benign,0,0,0,0,0,0,0
benign,0,0,0,0,0,0,0
benign,0,0,0,0,0,0,0
benign,0,0,0,0,5088470,0,0
benign,0,0,0,0,0,0,0
benign,1,0,0,0,2170038,0,0
benign,0,0,0,0,592724,0,0
benign,0,0,0,0,0,0,0
benign,0,0,0,0,0,0,0
benign,0,0,0,1,8462536,0,0
benign,0,0,0,0,0,0,0
benign,0,0,0,0,0,0,0
benign,0,0,0,0,0,0,0
benign,0,0,0,0,0,0,0
benign,0,0,0,0,2650301,0,0
benign,0,0,0,0,0,0,0
benign,0,0,0,0,0,0,0
benign,0,0,0,0,7790,0,0
benign,0,0,0,0,0,0,0
benign,0,0,0,0,0,0,0
benign,0,0,0,0,0,0,0
benign,0,0,0,0,0,0,0
benign,0,0,0,0,7475869,0,0
benign,0,0,0,0,0,0,0
benign,0,0,0,0,0,0,0
benign,0,0,0,0,0,0,0
benign,0,0,0,0,0,0,0
benign,0,0,0,0,3080602,0,0
benign,0,0,0,0,0,0,0
benign,0,0,0,0,0,0,0
benign,0,0,0,0,7005697,0,0
benign,0,0,0,0,0,0,0
benign,0,0,0,0,0,0,0
benign,0,0,0,0,3192089,0,0
benign,0,0,0,0,0,0,0
benign,0,0,0,0,1370833,0,0
benign,0,0,0,0,0,0,0
benign,0,0,0,0,0,0,0
benign,0,0,0,0,6849221,0,0
benign,0,0,0,0,2808117,0,0
benign,0,0,0,0,0,0,0
benign,0,0,0,0,0,0,0
benign,0,0,0,0,0,0,0
benign,0,0,0,0,1985332,0,0
benign,0,0,0,0,0,0,0
benign,0,0,0,0,1126444,0,0
benign,0,0,0,1,4013547,53324,0
benign,0,0,0,0,0,0,0
benign,0,0,0,0,0,0,0
benign,0,0,0,0,227053,0,0
benign,0,0,0,0,0,0,0
benign,0,0,0,0,15657,0,0
benign,0,0,0,0,0,0,0
benign,0,0,0,0,0,0,0
benign,0,0,0,0,0,0,0
benign,0,0,0,0,0,0,0
benign,1,0,0,0,13102,0,0
benign,0,0,0,0,498894,0,0
benign,0,0,0,0,0,0,0
benign,0,0,0,0,658743,0,0
benign,0,0,0,0,2349130,0,0
benign,0,0,0,1,9378854,76564,0
benign,0,0,0,0,0,0,0
benign,0,0,0,0,329031,0,0
benign,0,0,0,0,4474,0,0
benign,0,0,0,0,0,0,0
benign,1,0,0,0,458505,0,0
benign,0,0,0,0,227046,0,0
benign,0,0,0,0,77387,0,0
benign,0,0,0,0,10382,0,0
benign,0,0,0,0,0,0,0
benign,0,0,0,0,0,0,0
benign,0,0,0,0,0,0,0
benign,0,0,0,0,10598282,0,0
benign,1,0,0,0,0,0,0
benign,0,0,0,0,5046395,0,0
benign,0,0,0,0,5576445,0,0
benign,0,0,0,0,0,0,0
benign,0,0,0,0,5952,0,0
benign,0,0,0,0,0,0,0
benign,0,0,0,0,0,0,0
benign,0,0,0,0,3123809,0,0
benign,0,0,0,0,1218981,0,0
benign,0,0,0,0,4967652,0,0
benign,0,0,0,0,0,0,0
benign,0,0,0,0,0,0,0
benign,0,0,0,0,0,0,0
benign,0,0,0,0,3901826,0,0
benign,0,0,0,0,1585123,0,0
benign,1,0,0,0,3343158,0,0
benign,0,0,0,0,1117062,0,0
benign,0,0,0,0,0,0,0
benign,0,0,0,0,1048335,0,0
benign,0,0,0,0,0,0,0
benign,0,0,0,0,2096218,0,0
benign,0,0,0,0,3455735,0,0
benign,1,0,0,0,0,0,0
benign,0,0,0,0,0,0,0
benign,0,0,0,0,307171,0,0
benign,0,0,0,0,0,0,0
benign,0,0,0,0,0,0,0
benign,0,0,0,0,0,0,0
benign,1,0,0,0,4530113,0,0
benign,0,0,0,0,2255765,0,0
benign,0,0,0,0,3366940,0,0
benign,0,0,0,0,0,0,0
benign,0,0,0,0,0,0,0
benign,1,0,0,0,0,0,0
benign,0,0,0,0,0,0,0
benign,0,0,0,0,0,0,0
benign,0,0,0,0,5457181,0,0
benign,0,0,0,0,0,0,0
benign,0,0,0,0,3279148,0,0
benign,0,0,0,0,0,0,0
benign,0,0,0,0,0,0,0
benign,0,0,0,0,4415736,0,0
benign,0,0,0,0,14215275,0,0
benign,0,0,0,0,0,0,0
benign,0,0,0,0,0,0,0
benign,0,0,0,0,3089268,0,0
benign,0,0,0,0,1405489,0,0
benign,0,0,0,0,6521756,0,0
benign,0,0,0,0,0,0,0
benign,0,0,0,0,0,0,0
benign,0,0,0,0,0,0,0
benign,0,0,0,0,3015621,0,0
benign,0,0,0,0,0,0,0
benign,0,0,0,0,6523724,0,0
benign,0,0,0,1,1553898,0,0
benign,0,0,0,0,432904,0,0
benign,1,0,0,0,7161611,0,0
benign,0,0,0,0,0,0,0
benign,0,0,0,0,0,0,0
benign,0,0,0,0,1466545,0,0
benign,0,0,0,0,0,0,0
benign,0,0,0,0,0,0,0
benign,0,0,0,0,0,0,0
benign,0,0,0,0,4592762,0,0
benign,0,0,0,0,0,0,0
benign,0,0,0,0,0,0,0
benign,0,0,0,0,0,0,0
benign,0,0,0,0,0,0,0
benign,0,0,0,0,0,0,0
benign,0,0,0,0,4971877,0,0
benign,0,0,0,0,1537576,0,0
benign,0,0,0,0,0,0,0
benign,0,0,0,0,0,0,0
benign,0,0,0,0,0,0,0
benign,0,0,0,0,5887691,0,0
benign,0,0,0,0,0,0,0
benign,0,0,0,0,303453,0,0
benign,0,0,0,0,5776118,0,0
benign,0,0,0,0,2336381,0,0
benign,0,0,0,0,205757,0,0
benign,0,0,0,0,5393099,0,0
benign,0,0,0,0,309859,0,0
benign,1,0,0,0,9930929,0,0
benign,0,0,0,0,0,0,0
benign,0,0,0,0,8673401,0,0
benign,0,0,0,0,0,0,0
benign,1,0,0,0,0,0,0
benign,0,0,0,0,0,0,0
benign,0,0,0,0,0,0,0
benign,0,0,0,0,869108,0,0
benign,0,0,0,0,1672629,0,0
benign,0,0,0,0,0,0,0
benign,0,0,0,0,0,0,0
benign,0,0,0,0,198622,0,0
benign,0,0,0,0,1675942,0,0
benign,0,0,0,0,0,0,0
benign,0,0,0,0,5795766,0,0
benign,0,0,0,0,254994,0,0
benign,0,0,0,0,0,0,0
benign,0,0,0,0,0,0,0
benign,0,0,0,0,1131224,0,0
benign,0,0,0,0,0,0,0
benign,1,0,0,0,5806158,0,0
benign,0,0,0,0,0,0,0
benign,0,0,0,0,147655,0,0
benign,0,0,0,0,1310779,0,0
benign,0,0,0,0,2265247,0,0
benign,0,0,0,0,0,0,0
benign,0,0,0,0,16624815,0,0
benign,0,0,0,0,894176,0,0
benign,0,0,0,0,0,0,0
benign,0,0,0,0,8458467,0,0
benign,0,0,0,0,1740398,0,0
benign,0,0,0,0,1878747,0,0
benign,0,0,0,0,193014,0,0
benign,0,0,0,0,2600480,0,0
benign,0,0,0,0,0,0,0
benign,0,0,0,0,1875054,0,0
benign,0,0,0,0,0,0,0
benign,0,0,0,0,685304,0,0
benign,0,0,0,0,0,0,0
benign,0,0,0,0,1816481,0,0
benign,1,0,0,0,3506919,0,0
benign,0,0,0,0,686875,0,0
benign,0,0,0,0,0,0,0
benign,0,0,0,0,3826656,0,0
benign,0,0,0,0,2870752,0,0
benign,0,0,0,0,0,0,0
benign,0,0,0,0,0,0,0
benign,0,0,0,0,0,0,0
benign,0,0,0,0,637479,0,0
benign,0,0,0,0,298556,0,0
benign,0,0,0,0,0,0,0
benign,0,0,0,0,0,0,0
benign,0,0,0,0,251386,0,0
benign,0,0,0,0,273403,0,0
benign,0,0,0,0,0,0,0
benign,0,0,0,0,0,0,0
benign,0,0,0,0,0,0,0
benign,0,0,0,0,1834904,0,0
benign,0,0,0,0,12741731,0,0
benign,0,0,0,0,0,0,0
benign,1,0,0,0,0,0,0
benign,0,0,0,0,4884733,0,0
benign,0,0,0,0,712877,0,0
benign,0,0,0,0,0,0,0
benign,0,0,0,0,126356,0,0
benign,0,0,0,0,0,0,0
benign,0,0,0,0,0,0,0
benign,0,0,0,0,0,0,0
benign,0,0,0,0,0,0,0
benign,0,0,0,0,0,0,0
benign,1,0,0,0,349830,0,0
benign,0,0,0,0,0,0,0
benign,0,0,0,0,0,0,0
benign,0,0,0,0,0,0,0
benign,0,0,0,0,0,0,0
benign,0,0,0,0,0,0,0
benign,0,0,0,0,0,0,0
benign,0,0,0,0,0,0,0
benign,0,0,0,0,7818585,0,0
benign,0,0,0,0,4622494,0,0
benign,0,0,0,0,0,0,0
benign,0,0,0,0,0,0,0
benign,0,0,0,0,0,0,0
benign,0,0,0,0,0,0,0
benign,0,0,0,0,0,0,0
benign,0,0,0,0,2048396,0,0
benign,0,0,0,0,355782,0,0
benign,0,0,0,0,0,0,0
benign,0,0,0,0,0,0,0
benign,0,0,0,0,381289,0,0
benign,0,0,0,0,2275280,0,0
benign,0,0,0,0,0,0,0
benign,0,0,0,0,0,0,0
benign,0,0,0,0,0,0,0
benign,0,0,0,0,5073691,0,0
benign,1,0,0,0,1067753,0,0
benign,0,0,0,0,0,0,0
benign,0,0,0,0,7708653,0,0
benign,0,0,0,0,0,0,0
benign,0,0,0,0,0,0,0
benign,0,0,0,0,1560483,0,0
benign,0,0,0,0,388425,0,0
benign,0,0,0,0,230873,0,0
benign,0,0,0,0,1819895,0,0
benign,0,0,0,3,12208361,56445,0
benign,0,0,0,2,9390664,4453,0
benign,0,0,0,0,4866545,0,0
benign,0,0,0,0,0,0,0
benign,0,0,0,0,0,0,0
benign,0,0,0,0,0,0,0
benign,0,0,0,0,4814925,0,0
benign,0,0,0,0,0,0,0
benign,0,0,0,0,0,0,0
benign,0,0,0,0,10270161,0,0
benign,1,0,0,0,6467261,0,0
benign,0,0,0,0,2711179,0,0
benign,0,0,0,0,7250947,0,0
benign,0,0,0,0,153551,0,0
benign,0,0,0,0,0,0,0
benign,0,0,0,0,0,0,0
benign,0,0,0,0,0,0,0
benign,1,0,0,0,11478769,0,0
benign,1,0,0,0,8394808,0,0
benign,0,0,0,0,0,0,0
benign,0,0,0,0,0,0,0
benign,0,0,0,0,332907,0,0
benign,0,0,0,0,1992610,0,0
benign,0,0,0,0,0,0,0
benign,0,0,0,0,0,0,0
benign,0,0,0,0,4352754,0,0
benign,0,0,0,0,0,0,0
benign,0,0,0,0,0,0,0
benign,0,0,0,0,0,0,0
benign,0,0,0,0,234615,0,0
benign,0,0,0,0,0,0,0
benign,0,0,0,0,6697950,0,0
benign,0,0,0,0,0,0,0
benign,0,0,0,0,3732,0,0
benign,0,0,0,0,1926517,0,0
benign,0,0,0,0,0,0,0
benign,0,0,0,0,0,0,0
benign,0,0,0,3,6022133,1723900,0
benign,0,0,0,0,839842,0,0
benign,0,0,0,0,0,0,0
benign,0,0,0,0,4406409,0,0
benign,1,0,0,0,26945899,0,0
benign,0,0,0,0,0,0,0
benign,0,0,0,0,0,0,0
benign,0,0,0,0,0,0,0
benign,0,0,0,0,0,0,0
benign,0,0,0,0,444994,0,0
benign,0,0,0,0,3576747,0,0
benign,0,0,0,0,6985516,0,0
benign,0,0,0,0,1049007,0,0
benign,0,0,0,1,2334762,0,0
benign,1,0,0,0,1452799,0,0
benign,0,0,0,0,1114931,0,0
benign,0,0,0,0,0,0,0
benign,0,0,0,0,0,0,0
benign,0,0,0,0,0,0,0
benign,0,0,0,0,0,0,0
benign,0,0,0,0,302004,0,0
benign,0,0,0,0,3258,0,0
benign,0,0,0,0,0,0,0
benign,0,0,0,0,1305173,0,0
benign,0,0,0,0,0,0,0
benign,1,0,0,0,0,0,0
benign,0,0,0,0,4792664,0,0
benign,0,0,0,0,0,0,0
benign,0,0,0,0,0,0,0
benign,0,0,0,0,0,0,0
benign,0,0,0,0,9298334,0,0
benign,0,0,0,0,7600959,0,0
benign,0,0,0,0,0,0,0
benign,0,0,0,0,13510543,0,0
benign,0,0,0,0,0,0,0
benign,0,0,0,0,0,0,0
benign,0,0,0,0,4909638,0,0
benign,0,0,0,0,0,0,0
benign,1,0,0,0,1698841,0,0
benign,0,0,0,0,0,0,0
benign,0,0,0,0,0,0,0
benign,0,0,0,0,0,0,0
benign,0,0,0,0,7485589,0,0
benign,1,0,0,0,0,0,0
benign,0,0,0,0,0,0,0
benign,0,0,0,0,2094651,0,0
benign,0,0,0,0,0,0,0
benign,0,0,0,0,7423813,0,0
benign,0,0,0,0,1382644,0,0
benign,0,0,0,0,0,0,0
benign,0,0,0,0,0,0,0
benign,0,0,0,0,7079088,0,0
benign,1,0,0,8,2503170,556764,0
benign,0,0,0,0,1684252,0,0
benign,0,0,0,0,0,0,0
benign,0,0,0,0,4674115,0,0
benign,0,0,0,0,7099379,0,0
benign,0,0,0,0,2794857,0,0
benign,0,0,0,0,6768827,0,0
benign,0,0,0,0,0,0,0
benign,0,0,0,0,0,0,0
benign,0,0,0,0,0,0,0
benign,0,0,0,0,0,0,0
benign,0,0,0,0,238545,0,0
benign,0,0,0,0,0,0,0
benign,0,0,0,0,118779,0,0
benign,0,0,0,0,0,0,0
benign,0,0,0,0,0,0,0
benign,0,0,0,3,4715746,322125,0
benign,0,0,0,0,0,0,0
benign,1,0,0,0,332127,0,0
benign,0,0,0,0,0,0,0
benign,0,0,0,0,0,0,0
benign,0,0,0,0,0,0,0
benign,0,0,0,0,5636007,0,0
benign,0,0,0,0,4830356,0,0
benign,0,0,0,0,0,0,0
benign,0,0,0,0,0,0,0
benign,0,0,0,0,0,0,0
benign,0,0,0,0,3327681,0,0
benign,0,0,0,0,0,0,1
benign,0,0,0,0,9758336,0,0
benign,0,0,0,0,0,0,0
benign,1,0,0,0,2359316,0,0
benign,0,0,0,0,4375374,0,0
benign,0,0,0,0,1552843,0,0
benign,0,0,0,0,3872315,0,0
benign,0,0,0,0,950762,0,0
benign,0,0,0,0,0,0,0
benign,0,0,0,0,7877,0,0
benign,0,0,0,0,4408294,0,0
benign,0,0,0,0,1289685,0,0
benign,0,0,0,0,172168,0,0
benign,0,0,0,0,0,0,0
benign,0,0,0,0,0,0,0
benign,0,0,0,0,0,0,0
benign,0,0,0,0,2126785,0,0
benign,0,0,0,0,0,0,0
benign,0,0,0,0,0,0,0
benign,0,0,0,0,0,0,0
benign,1,0,0,0,4368080,0,0
benign,0,0,0,0,0,0,0
benign,0,0,0,0,0,0,0
benign,0,0,0,0,3131348,0,0
benign,0,0,0,0,0,0,0
benign,0,0,0,0,0,0,0
benign,0,0,0,0,0,0,0
benign,0,0,0,0,1463926,0,0
benign,0,0,0,0,70214,0,0
benign,0,0,0,0,0,0,0
benign,0,0,0,0,0,0,0
benign,0,0,0,0,3094025,0,0
benign,0,0,0,0,0,0,0
benign,0,0,0,0,0,0,0
benign,0,0,0,1,5900861,0,0
benign,1,0,0,0,1465584,0,0
benign,0,0,0,0,5324929,0,0
benign,0,0,0,0,836467,0,0
benign,0,0,0,0,0,0,0
benign,0,0,0,0,1689488,0,0
benign,0,0,0,0,0,0,0
benign,0,0,0,0,0,0,0
benign,0,0,0,0,4956369,0,0
benign,0,0,0,0,0,0,0
benign,0,0,0,3,23895548,56777,0
benign,0,0,0,0,0,0,0
benign,0,0,0,1,14015575,6654,0
benign,0,0,0,0,1981690,0,0
benign,0,0,0,0,0,0,0
benign,0,0,0,0,0,0,0
benign,0,0,0,0,0,0,0
benign,0,0,0,0,862478,0,0
benign,1,0,0,0,2423957,0,0
benign,0,0,0,0,3508589,0,0
benign,0,0,0,0,0,0,0
benign,0,0,0,2,20247440,436554,0
benign,0,0,0,0,200660,0,0
benign,0,0,0,0,5708499,0,0
benign,0,0,0,0,0,0,0
benign,0,0,0,0,1591250,0,0
benign,0,0,0,0,2768139,0,0
benign,0,0,0,0,0,0,0
benign,1,0,0,0,0,0,0
benign,0,0,0,0,0,0,0
benign,0,0,0,0,0,0,0
benign,0,0,0,0,0,0,0
benign,1,0,0,0,0,0,0
benign,0,0,0,0,18107220,0,0
benign,0,0,0,0,311454,0,0
benign,0,0,0,0,0,0,0
benign,0,0,0,0,0,0,0
benign,0,0,0,3,20598180,10852890,0
benign,0,0,0,0,1198144,0,0
benign,1,0,0,0,6286986,0,0
benign,0,0,0,0,0,0,0
benign,0,0,0,1,4386749,690,0
benign,0,0,0,0,1591813,0,0
benign,0,0,0,0,0,0,0
benign,0,0,0,0,1576711,0,0
benign,0,0,0,0,4228028,0,0
benign,0,0,0,0,0,0,0
benign,0,0,0,0,0,0,0
benign,1,0,0,0,4532557,0,0
benign,0,0,0,0,152255,0,0
benign,0,0,0,0,0,0,0
benign,0,0,0,0,0,0,0
benign,0,0,0,0,0,0,0
benign,1,0,0,0,0,0,0
benign,0,0,0,0,3827261,0,0
benign,0,0,0,0,4875071,0,0
benign,0,0,0,4,4453494,45464,1
benign,0,0,0,0,0,0,0
benign,0,0,0,0,9829381,0,0
benign,0,0,0,0,3714078,0,0
benign,0,0,0,0,0,0,0
benign,0,0,0,0,1562012,0,0
benign,0,0,0,0,328129,0,0
benign,0,0,0,0,1401390,0,0
benign,0,0,0,0,0,0,0
benign,0,0,0,0,0,0,0
benign,0,0,0,0,0,0,0
benign,0,0,0,0,856348,0,0
benign,0,0,0,0,1010543,0,0
benign,0,0,0,0,0,0,0
benign,0,0,0,0,0,0,0
benign,0,0,0,0,8020138,0,0
benign,0,0,0,0,2717825,0,0
benign,0,0,0,0,0,0,0
benign,0,0,0,0,0,0,0
benign,0,0,0,2,13744646,876958,0
benign,0,0,0,0,0,0,0
benign,0,0,0,0,0,0,0
benign,0,0,0,0,0,0,0
benign,0,0,0,0,0,0,0
benign,0,0,0,0,3181045,0,0
benign,0,0,0,0,3597845,0,0
benign,0,0,0,0,795846,0,0
benign,0,0,0,0,1353926,0,0
benign,0,0,0,0,0,0,0
benign,0,0,0,0,1132296,0,0
benign,0,0,0,0,0,0,0
benign,0,0,0,0,1865983,0,0
benign,0,0,0,0,0,0,0
benign,0,0,0,0,0,0,0
benign,0,0,0,0,0,0,0
benign,0,0,0,0,0,0,0
benign,1,0,0,0,7393566,0,0
benign,0,0,0,0,902826,0,0
benign,0,0,0,0,0,0,0
benign,0,0,0,0,0,0,0
benign,0,0,0,2,20373007,896858,0
benign,0,0,0,0,833498,0,0
benign,0,0,0,0,2609165,0,0
benign,0,0,0,0,0,0,0
benign,0,0,0,1,12656499,43222,0
benign,0,0,0,0,2926579,0,0
benign,0,0,0,0,0,0,0
benign,0,0,0,0,1894787,0,0
benign,0,0,0,0,4450093,0,0
benign,0,0,0,0,0,0,0
benign,0,0,0,0,795730,0,0
benign,0,0,0,0,0,0,0
benign,0,0,0,0,0,0,1
benign,0,0,0,0,0,0,0
benign,0,0,0,0,2167192,0,0
benign,0,0,0,0,1128150,0,0
benign,0,0,0,0,0,0,0
benign,0,0,0,0,0,0,0
benign,0,0,0,0,12245791,0,0
benign,0,0,0,0,0,0,0
benign,0,0,0,0,0,0,0
benign,0,0,0,0,3748617,0,0
benign,0,0,0,0,8467192,0,0
benign,0,0,0,0,0,0,0
benign,0,0,0,0,4994702,0,0
benign,0,0,0,0,216399,0,0
benign,0,0,0,0,0,0,0
benign,0,0,0,0,0,0,0
benign,0,0,0,0,0,0,0
benign,0,0,0,0,0,0,0
benign,0,0,0,0,0,0,0
benign,0,0,0,0,2203974,0,0
benign,0,0,0,0,0,0,0
benign,0,0,0,0,0,0,0
benign,0,0,0,0,2862664,0,0
benign,0,0,0,0,6960848,0,0
benign,1,0,0,0,18401448,0,0
benign,0,0,0,0,0,0,0
benign,0,0,0,0,1261221,0,0
benign,0,0,0,0,187494,0,0
benign,0,0,0,0,1309584,0,0
benign,0,0,0,0,0,0,0
benign,0,0,0,0,0,0,0
benign,0,0,0,0,0,0,0
benign,0,0,0,0,0,0,0
benign,0,0,0,0,3247979,0,0
benign,0,0,0,0,0,0,0
benign,0,0,0,0,2230796,0,0
benign,0,0,0,0,581484,0,0
benign,0,0,0,0,136378,0,0
benign,0,0,0,0,214020,0,0
benign,0,0,0,0,6986661,0,0
benign,0,0,0,0,0,0,0
benign,0,0,0,0,4793738,0,0
benign,0,0,0,0,0,0,0
benign,0,0,0,0,0,0,0
benign,0,0,0,0,0,0,0
benign,0,0,0,0,2342158,0,0
benign,0,0,0,0,0,0,0
benign,0,0,0,0,1194649,0,0
benign,0,0,0,0,0,0,0
benign,0,0,0,0,0,0,0
benign,0,0,0,0,3042383,0,0
benign,0,0,0,0,0,0,0
benign,0,0,0,0,0,0,0
benign,0,0,0,0,0,0,0
benign,0,0,0,0,362197,0,0
benign,0,0,0,0,9760,0,0
benign,0,0,0,0,0,0,0
benign,0,0,0,0,0,0,0
benign,0,0,0,0,0,0,0
benign,0,0,0,0,1858689,0,0
benign,0,0,0,0,7566017,0,0
benign,0,0,0,0,0,0,0
benign,0,0,0,0,811811,0,0
benign,0,0,0,0,4195138,0,0
benign,0,0,0,0,2273339,0,0
benign,0,0,0,0,5464107,0,0
benign,0,0,0,0,0,0,0
benign,0,0,0,0,304409,0,0
benign,0,0,0,0,0,0,0
benign,0,0,0,0,0,0,0
benign,0,0,0,0,2951073,0,0
benign,0,0,0,2,12685476,6554,0
benign,0,0,0,0,0,0,0
benign,0,0,0,0,6429658,0,0
benign,0,0,0,0,9962605,0,0
benign,0,0,0,0,871038,0,0
benign,0,0,0,0,0,0,0
benign,0,0,0,0,0,0,0
benign,0,0,0,0,0,0,0
benign,0,0,0,0,0,0,0
benign,0,0,0,0,7633,0,0
benign,0,0,0,0,0,0,0
benign,0,0,0,0,4553346,0,0
benign,0,0,0,0,0,0,0
benign,0,0,0,0,0,0,0
benign,0,0,0,0,3562400,0,0
benign,0,0,0,0,262069,0,0
benign,0,0,0,0,0,0,0
benign,0,0,0,0,0,0,0
benign,0,0,0,0,735595,0,0
benign,0,0,0,0,0,0,0
benign,0,0,0,0,3452926,0,0
benign,0,0,0,0,0,0,0
benign,0,0,0,0,2831608,0,0
benign,0,0,0,0,0,0,0
benign,0,0,0,0,0,0,0
benign,0,0,0,0,0,0,0
benign,0,0,0,0,0,0,0
benign,0,0,0,0,10737169,0,0
benign,0,0,0,0,0,0,0
benign,1,0,0,0,0,0,0
benign,0,0,0,0,227875,0,0
benign,0,0,0,0,4483308,0,0
benign,0,0,0,0,11844631,0,0
benign,1,0,0,1,11945855,0,0
benign,0,0,0,0,0,0,0
benign,0,0,0,0,0,0,0
benign,0,0,0,0,2188039,0,0
benign,1,0,0,0,13327716,0,0
benign,0,0,0,0,6561075,0,0
benign,1,0,0,0,0,0,0
benign,0,0,0,0,1270884,0,0
benign,0,0,0,0,0,0,0
benign,0,0,0,0,759018,0,0
benign,0,0,0,0,0,0,0
benign,1,0,0,0,0,0,0
benign,0,0,0,0,0,0,0
benign,0,0,0,0,0,0,0
benign,0,0,0,0,24109645,0,0
benign,1,0,0,0,0,0,0
benign,1,0,0,0,23405558,0,0
benign,0,0,0,0,0,0,0
benign,0,0,0,0,275541,0,0
benign,0,0,0,0,0,0,0
benign,0,0,0,0,0,0,0
benign,0,0,0,0,0,0,0
benign,0,0,0,0,0,0,0
benign,0,0,0,0,0,0,0
benign,0,0,0,0,0,0,0
benign,0,0,0,0,0,0,0
benign,0,0,0,0,0,0,0
benign,0,0,0,0,0,0,0
benign,0,0,0,0,0,0,0
benign,0,0,0,3,10989905,2719340,1
benign,0,0,0,0,0,0,0
benign,0,0,0,0,0,0,0
benign,0,0,0,0,143034,0,0
benign,0,0,0,0,718045,0,0
benign,1,0,0,0,0,0,0
benign,0,0,0,0,0,0,0
benign,0,0,0,0,3699055,0,0
benign,0,0,0,0,3368144,0,0
benign,0,0,0,0,0,0,0
benign,0,0,0,2,15869088,3680,1
benign,0,0,0,0,8655479,0,0
benign,0,0,0,0,0,0,0
benign,0,0,0,0,0,0,0
benign,0,0,0,0,5389867,0,0
benign,0,0,0,1,6709717,0,0
benign,0,0,0,0,0,0,0
benign,0,0,0,0,1747679,0,0
benign,0,0,0,0,0,0,0
benign,0,0,0,0,3312414,0,0
benign,0,0,0,0,0,0,0
benign,0,0,0,0,0,0,0
benign,0,0,0,0,0,0,0
benign,0,0,0,0,0,0,0
benign,0,0,0,0,713509,0,0
benign,0,0,0,0,0,0,0
benign,1,0,0,0,0,0,0
benign,0,0,0,0,1597298,0,0
benign,0,0,0,0,0,0,1
benign,0,0,0,0,0,0,0
benign,0,0,0,0,0,0,0
benign,0,0,0,0,123458,0,0
benign,0,0,0,0,0,0,0
benign,0,0,0,0,0,0,0
benign,0,0,0,0,0,0,0
benign,0,0,0,0,0,0,0
benign,0,0,0,0,1060079,0,0
benign,0,0,0,0,0,0,0
benign,0,0,0,0,1995976,0,0
benign,0,0,0,0,0,0,0
benign,0,0,0,0,5142233,0,0
benign,0,0,0,0,745324,0,0
benign,0,0,0,0,0,0,0
benign,0,0,0,0,0,0,0
benign,0,0,0,0,0,0,0
benign,0,0,0,0,6222275,0,0
benign,0,0,0,0,0,0,0
benign,0,0,0,0,10133256,0,0
benign,0,0,0,0,0,0,0
benign,0,0,0,0,0,0,0
benign,0,0,0,0,2329973,0,0
benign,0,0,0,0,0,0,0
benign,1,0,0,0,7795539,0,0
benign,0,0,0,0,0,0,0
benign,0,0,0,0,0,0,0
benign,0,0,0,0,0,0,0
benign,0,0,0,0,0,0,0
benign,0,0,0,0,0,0,0
benign,0,0,0,0,0,0,0
benign,0,0,0,0,0,0,0
benign,0,0,0,0,0,0,0
benign,0,0,0,0,0,0,0
benign,0,0,0,0,1539008,0,0
benign,0,0,0,0,346925,0,0
benign,0,0,0,0,60038,0,0
benign,0,0,0,0,0,0,0
benign,0,0,0,0,0,0,0
benign,0,0,0,0,0,0,0
benign,0,0,0,0,0,0,0
benign,0,0,0,0,5533550,0,0
benign,0,0,0,0,0,0,0
benign,0,0,0,0,0,0,0
benign,0,0,0,0,5292957,0,0
benign,0,0,0,0,0,0,0
benign,0,0,0,0,0,0,0
benign,0,0,0,0,5424386,0,0
benign,0,0,0,0,0,0,0
benign,0,0,0,0,0,0,0
benign,0,0,0,0,31754,0,0
benign,0,0,0,0,1175601,0,0
benign,0,0,0,0,615067,0,0
benign,0,0,0,0,0,0,0
benign,0,0,0,0,0,0,0
benign,0,0,0,0,0,0,0
benign,0,0,0,0,184109,0,0
benign,1,0,0,0,0,0,0
benign,0,0,0,0,0,0,0
benign,0,0,0,0,0,0,0
benign,0,0,0,0,0,0,0
benign,0,0,0,0,0,0,0
benign,0,0,0,0,0,0,0
benign,0,0,0,0,2924534,0,0
benign,0,0,0,0,0,0,0
benign,0,0,0,0,1516310,0,0
benign,0,0,0,0,0,0,0
benign,0,0,0,0,0,0,0
benign,0,0,0,0,2929428,0,0
benign,0,0,0,0,2391402,0,0
benign,1,0,0,0,0,0,0
benign,0,0,0,0,0,0,0
benign,0,0,0,0,3551759,0,0
benign,1,0,0,0,7428306,0,0
benign,1,0,0,0,0,0,0
benign,0,0,0,0,2664266,0,0
benign,0,0,0,0,0,0,0
benign,0,0,0,0,0,0,0
benign,0,0,0,0,5851999,0,0
benign,0,0,0,2,20358343,0,0
benign,0,0,0,0,501650,0,0
benign,0,0,0,0,1572023,0,0
benign,0,0,0,0,1662102,0,0
benign,0,0,0,0,0,0,0
benign,1,0,0,0,7205809,0,0
benign,0,0,0,0,255176,0,0
benign,0,0,0,0,2897170,0,0
benign,0,0,0,0,0,0,0
benign,0,0,0,0,0,0,0
benign,0,0,0,0,2741203,0,0
benign,0,0,0,0,0,0,0
benign,0,0,0,0,2605042,0,0
benign,0,0,0,0,0,0,0
benign,0,0,0,0,1769133,0,0
benign,0,0,0,0,0,0,0
benign,0,0,0,0,296386,0,0
benign,0,0,0,0,0,0,0
benign,0,0,0,0,762310,0,0
benign,0,0,0,1,808427,0,0
benign,0,0,0,0,0,0,0
benign,0,0,0,0,0,0,0
benign,0,0,0,0,0,0,0
benign,0,0,0,0,1255965,0,0
benign,0,0,0,0,5302803,0,0
benign,0,0,0,0,0,0,0
benign,0,0,0,1,10755852,2210,0
benign,0,0,0,0,0,0,0
benign,0,0,0,0,4594648,0,0
benign,0,0,0,0,0,0,0
benign,0,0,0,0,5671216,0,0
benign,0,0,0,0,9249,0,0
benign,0,0,0,0,0,0,0
benign,0,0,0,0,106004,0,0
benign,0,0,0,0,0,0,0
benign,0,0,0,0,0,0,0
benign,0,0,0,0,0,0,0
benign,0,0,0,0,0,0,0
benign,0,0,0,1,4475312,630,0
benign,0,0,0,0,21547536,0,0
benign,0,0,0,0,0,0,0
benign,0,0,0,0,0,0,0
benign,0,0,0,0,0,0,0
benign,0,0,0,0,0,0,0
benign,0,0,0,0,0,0,0
benign,0,0,0,0,4812961,0,0
benign,0,0,0,0,0,0,0
benign,0,0,0,0,3310372,0,0
benign,0,0,0,0,957139,0,0
benign,0,0,0,0,0,0,0
benign,0,0,0,0,0,0,0
benign,0,0,0,0,475471,0,0
benign,0,0,0,0,0,0,0
benign,0,0,0,0,0,0,0
benign,0,0,0,0,0,0,0
benign,0,0,0,0,0,0,0
benign,0,0,0,0,0,0,0
benign,0,0,0,0,439520,0,0
benign,0,0,0,0,600760,0,0
benign,0,0,0,0,0,0,0
benign,0,0,0,0,0,0,0
benign,0,0,0,0,1433603,0,0
benign,0,0,0,0,0,0,0
benign,0,0,0,0,364009,0,0